ID,主题,博文,日期,URL,点赞数,评论数,转发数,,,,,,,,,,,,
Data_Stored\data\J1CBvFHhf-ckAll=1.html,需对正文做字符串匹配，暂时理解为关键字,:5月13日（明天）上午10点🦋系列最后一波啦🦋这次价格也十分给力喔！并且所有购买蝴蝶系列的朋友都会收到我的同款蝴蝶发夹作为纪念礼物 满1000元还有机会收到我的同款🦋手机壳转+赞这篇 会抽一等奖一位 现金1888二等奖三位 店铺500元无门槛抵用券三等奖五名 本期任意一款新款具体活动如下： 1、 上新当天24小时内新品9折2、 活动单品：蝴蝶连衣裙：8折（活动单品包邮）3、 即日起凡购买蝴蝶系列任意一款产品即送蝴蝶发夹一对（颜色随机）；4、 上新当日单笔订单支付金额满1000元，即可加一元换购蝴蝶手机壳一个（仅限前500名，以单笔订单为准，必须先支付主订单，再拍下换购手机壳，售完为止，换购订单不支持修改，不单独发货）。5、 跨店满减：每满200-15，上不封顶6、 店铺5元红包7、 店铺满988-50，满1688-100优惠券8、 满600包邮（西藏、新疆、港澳台、海外等除外） 周扬青 2020年新款蝴,05月12日 21:11    ,https://weibo.cn/comment/J1CBvFHhf?ckAll=1,34761,5543,13254,,,,,,,,,,,,
Data_Stored\data\zhouyangqing912.html,需对正文做字符串匹配，暂时理解为关键字,周扬青 女/北京         加关注,05月12日 21:11 来自iPhone X,https://weibo.cn/zhouyangqing912,10,13,5,,,,,,,,,,,,
Data_Stored\data\J1CBvFHhf-ckAll=1.html,需对正文做字符串匹配，暂时理解为关键字,:5月13日（明天）上午10点🦋系列最后一波啦🦋这次价格也十分给力喔！并且所有购买蝴蝶系列的朋友都会收到我的同款蝴蝶发夹作为纪念礼物 满1000元还有机会收到我的同款🦋手机壳转+赞这篇 会抽一等奖一位 现金1888二等奖三位 店铺500元无门槛抵用券三等奖五名 本期任意一款新款具体活动如下： 1、 上新当天24小时内新品9折2、 活动单品：蝴蝶连衣裙：8折（活动单品包邮）3、 即日起凡购买蝴蝶系列任意一款产品即送蝴蝶发夹一对（颜色随机）；4、 上新当日单笔订单支付金额满1000元，即可加一元换购蝴蝶手机壳一个（仅限前500名，以单笔订单为准，必须先支付主订单，再拍下换购手机壳，售完为止，换购订单不支持修改，不单独发货）。5、 跨店满减：每满200-15，上不封顶6、 店铺5元红包7、 店铺满988-50，满1688-100优惠券8、 满600包邮（西藏、新疆、港澳台、海外等除外） 周扬青 2020年新款蝴,05月12日 21:11    ,https://weibo.cn/comment/J1CBvFHhf?ckAll=1,35493,5610,13303,,,,,,,,,,,,
Data_Stored\data\J2bbuaFLE-ckAll=1.html,需对正文做字符串匹配，暂时理解为关键字,:我晚上大概8:30会在 然后聊一个小时左右（但是其它时间雪梨自己直播的时候大家也可以去捧个场喔都是朋友）另外我在的这一个小时 会给大家推荐这6个品！我先来给大家介绍一下 1⃣️sisley黑玫瑰面霜：这是我推荐给🍐的 气味超级好闻 护肤的同时就像是在做那种很贵的精油spa闻到的味道！肤感无敌 质地轻薄 轻轻一抹开就会转化成水珠，很补水的同时不粘腻！sisley品牌本身是全球范围内最富盛名的高端护肤品牌之一，精华霜首次采取水性和油性两种萃取方式提取高能度巴卡拉黑玫瑰精油。敏感肌放心使用 这对我来说很重要 因为我本身就是超级敏感的敏感肌！2⃣️娇兰口红：这个包装我太太太喜欢了！昨天被成功安利 完全无法抗拒！钻石镶嵌和宝石切面这两款女生都无法抗拒吧！我不知道为什么有人会想出那么聪明的设计，还带着小镜子，日常拿出来就像是很漂亮的装饰一样！色号我最推荐30和235！直播时我会给大家试色真的很好看3⃣️seed美瞳：日本本土销量TOP的品牌 也是成立于1957年非常长历史的一个品牌。舒适感和安全度都可以兼顾 这次推荐的是日本同步新花色！每一个颜色都很自然 可以打造素颜美瞳！4⃣️小仙炖：营养新鲜料又足！口感也不是很甜的那种！燕窝本身是非常好的滋补品，小仙炖每天一罐就很方便。很多明星都在推荐。我是那种超级懒惰于保养的人，小仙炖可以试试长期吃。5⃣️ulike脱毛仪：可以在家里很方便的脱毛，而且是无痛！6⃣️sunnyside LA：这是我代理的品牌 但我不想给你们介绍 因为只有300幅！谁戴谁好看 晚上你们看我俩戴了就知道！抢不到会心痛！,05月16日 13:13    ,https://weibo.cn/comment/J2bbuaFLE?ckAll=1,22024,4763,1445,,,,,,,,,,,,
Data_Stored\data\J26jltmek-ckAll=1.html,需对正文做字符串匹配，暂时理解为关键字,:新品抽奖来啦！中奖的小可爱们记得去填写收获地址哟~一定一定记得要在填写收货地址的时候在地址那里写上自己的尺码的颜色哦~另外，中奖商品由库房直接发货没有订单记录不支持退换哦，没有尺码信息的库房会随机颜色尺码发出。没有填写尺码的或有什么问题请联系店铺微博@GRACE_CHOW--U 处理哦~~~ 奖品名称：一等奖1888元中奖人数：1  @快乐是情人呐Na 二等奖店铺500元无门槛抵用券中奖人数：3  @Mrs孤独患者r   @小管管的主场    @可爱的追星小妹三等奖本期任意一件新款中奖人数：5   @Sylviaaa_x    @嘻嘻的甜勾勾    @choose很甜喏    @CJ嬢嬢   @傲娇王木木微博官方唯一抽奖工具@微博抽奖平台 对本次抽奖进行监督，结果公正有效。公示链接：微博抽奖公示 奖品名称：反光蝴蝶tee裙中奖人数：3  @拯救星星的少女    @宠樹  @_浩瀚宇宙微博官方唯一抽奖工具@微博抽奖平台 对本次抽奖进行监督，结果公正有效。公示链接： 微博抽奖公示 奖品名称：钩花公主裙上衣中奖人数：3@金闪闪的包工头     @甜甜_-_     @大大只_小小只微博官方唯一抽奖工具@微博抽奖平台 对本次抽奖进行监督，结果公正有效。公示链接：微博抽奖公示奖品名称：蝴蝶立体衬衫中奖人数：3@咬住下唇6     @我爱小宋老师啊    @要亲亲要包包要举高高   微博官方唯一抽奖工具@微博抽奖平台 对本次抽奖进行监督，结果公正有效。公示链接：微博抽奖公示奖品名称：波点小礼裙中奖人数：3@洞庭波兮木叶下1     @mono912    @ChelseaL1n微博官方唯一抽奖工具@微博抽奖平台 对本次抽奖进行监督，结果公正有效。公示链接：微博抽奖公示奖品名称：喇叭裤中奖人数：3@蹦MA           @生活喽     @狍子兔子微博官方唯一抽奖工具@微博抽奖平台 对本次抽奖进行监督，结果公正有效。公示链接：http://t.cn/A6Adihes奖品名称：山茶花四件套任意一款中奖人数：3@i马达加斯加加加  @一名伪文青啊   @一目xixixixi微博官方唯一抽奖工具@微博抽奖平台 对本次抽奖进行监督，结果公正有效。公示链接：http://t.cn/A6AdJEu0奖品名称：花朵两穿衬衫中奖人数：3@艨生     @Summer抱抱抱抱     @seven11111222 微博官方唯一抽奖工具@微博抽奖平台 对本次抽奖进行监督，结果公正有效。公示链接：http://t.cn/A6AdJSmk奖品名称：工装裤中奖人数：3@Zzzi睡到自然醒   @Earthaz    @樱浪i 微博官方唯一抽奖工具@微博抽奖平台 对本次抽奖进行监督，结果公正有效。公示链接：http://t.cn/A6AdJ28e奖品名称：蕾丝上衣亮片蝴蝶短裤中奖人数：3@麻麻麻将x @yanlovely11223244  @我心永向迪微博官方唯一抽奖工具@微博抽奖平台 对本次抽奖进行监督，结果公正有效。公示链接：http://t.cn/A6AdxkX8奖品名称：墨镜中奖人数：3@柏雨暄今天减肥了吗 @索菲亚公主咩 @-DQNE-微博官方唯一抽奖工具@微博抽奖平台 对本次抽奖进行监督，结果公正有效。公示链接：http://t.cn/A6AdxJHp 奖品名称：涂鸦衬衫裙中奖人数：3@barbarashrewdness @PattyXue @爱吃你呢哈哈  微博官方唯一抽奖工具@微博抽奖平台 对本次抽奖进行监督，结果公正有效。公示链接：http://t.cn/A6AdxZgc 奖品名称：垫肩系带tee中奖人数：3@拥有宝贝可爱娃娃的娃娃机大佬  @莫之与京xl @Dears63微博官方唯一抽奖工具@微博抽奖平台 对本次抽奖进行监督，结果公正有效。公示链接：http://t.cn/A6AdMmbV 奖品名称：蝴蝶棒球帽中奖人数：3@清雅happy @Sugar_苗星仁 @嘿-站住-不许动 微博官方唯一抽奖工具@微博抽奖平台 对本次抽奖进行监督，结果公正有效。公示链接：http://t.cn/A6AdIsqZ 奖品名称：拉菲小草帽中奖人数：3@斯斯的佩琪呀 @灬DearJane灬 @梅梅公子 微博官方唯一抽奖工具@微博抽奖平台 对本次抽奖进行监督，结果公正有效。公示链接：http://t.cn/A6AdIsqZ奖品名称：丝绒tee中奖人数：6@Heathens11111 @小酸酸酸酸酸 @Famengqii  @奶油蛋糕冰可乐呢  @烊光的美好 @迷糊风信子微博官方唯一抽奖工具@微博抽奖平台 对本次抽奖进行监督，结果公正有效。公示链接：http://t.cn/A6AdIV7E,05月16日 00:49    ,https://weibo.cn/comment/J26jltmek?ckAll=1,3239,640,86,,,,,,,,,,,,
Data_Stored\data\J1BE4kuXH-ckAll=1.html,需对正文做字符串匹配，暂时理解为关键字,:5月13日 上午10点转+赞这篇 抽六位送这款夏日缤纷色浮雕字母tee喔Been through some bad shit I should be a sad XWho woulda thought it'd turn me to a SAVAGE用我最近喜欢的一首歌 A妹的7 Rings为灵感 做了一款Savage的tee这款tee是丝绒的 所以在阳光的照耀下非常美颜色是你们帮我选的喔 黑色 白色 粉色 粉蓝色 槟绿色 和冰淇淋的紫 每一个都是属于夏天的最好看的颜色 都很显白哦衣服上的Savage也是用了今年最流行的浮雕工艺 看上去立体又有质感领子是U型V领 下摆是弧形开叉 所以也可以像我一样在旁边系一个扣来展现你的腰身 周扬青 2020年新款六,05月12日 18:45    ,https://weibo.cn/comment/J1BE4kuXH?ckAll=1,10278,1866,4136,,,,,,,,,,,,
Data_Stored\data\J1zXdsLPU-ckAll=1.html,需对正文做字符串匹配，暂时理解为关键字,:5月13ri（明天）上午10点转+赞这篇抽三位送反光蝴蝶棒球帽再抽三位送夏天必备可爱的拉菲小草帽这期有两款帽子哦！一个是街头款棒球帽 也是最后一波蝴蝶系列的买过我棒球帽的应该都不用担心帽型不好这个问题 因为我就是棒球帽专家呀！这款棒球帽我用了最近一年最常戴的那款11的去打版帽型 因为它的宽度和深度都刚刚好 好到会修饰脸型 还不会显头大 所以脸大的朋友 哈哈 可以放心买上面的蝴蝶是3m反光的 但黑色的拍起来会比白色明显还有一个就是可爱的拉菲小草帽啦 这个适合度假旅行和所有可爱的小姑娘的帽子 它的材料是天然的拉菲草～用的是朝鲜的纯手钩的制作工艺 但要注意的是 只能轻微折叠 不然会破坏帽型喔 这个小草帽也是我一眼爱上的 周扬青 2020年新款蝴,05月12日 14:26    ,https://weibo.cn/comment/J1zXdsLPU?ckAll=1,10503,1693,4735,,,,,,,,,,,,
Data_Stored\data\J1tuUwALu-ckAll=1.html,需对正文做字符串匹配，暂时理解为关键字,:5月13日上午10点转+赞这篇 抽三位送这款多色小垫肩系带tee“I'M A FEMINIST 我是女权主义者”寓意是：做自己世界的女王想要把这句话带给每一个女生 自立 有想法  自我强大 才会被这个世界温柔以待这款tee也是颇为女权色彩～为了给大家更强大的气场 我特别加做了小垫肩 对于肩窄 溜肩的人来说真的不能再友好了 穿上一秒身材和气场都出来了衣服的前面设计的设计可以系蝴蝶结的带子 你可以根据自己喜好打结 控制衣服的长短像我就喜欢系得紧紧得～这样腰线就能出来 身材看起来会非常好！有女团的感觉哦面料选用的是单面罗棉 这是今年最新的面料，特点就是自带冰凉属性 即使是炎热的夏天穿也不会闷热 透气性和舒适度都很棒除了经典黑白 喝很有质感的中灰色 我特别加了一个属于夏天的湖水绿～这个颜色很显白 而且穿上整个人都极其亮眼 是我个人最喜欢的一个色所以虽然我平时都挑黑白 但这款 我最爱的是灰色和湖水绿哈哈做自己的女王吧 姑娘们！ 周扬青 2020年新款四,05月11日 22:00    ,https://weibo.cn/comment/J1tuUwALu?ckAll=1,10229,1647,4192,,,,,,,,,,,,2036644964,毛毛Android,#今日截单# 请移步店铺内搜索关键字～GSC Promare 普罗米亚 Lio 利奥 福蒂亚 粘土人GSC Promare 加洛 蒂莫斯 粘土人 手办 再版角川 约会大作战 夜刀神十香 晴着ver. 1/7手办MIMEYOI 碧蓝航线 约克公爵 妖华Brands Jewel 手办GSC Fate/Apocrypha 莫德雷德 小莫 粘土人DollGSC 虚构推理 岩永 ...全文,2020/5/20 12:06:07,https://m.weibo.cn/status/J2MrRd5ih?mblogid=J2MrRd5ih&luicode=10000011&lfid=100103type%3D2%26q%3D%E5%85%B3%E9%94%AE%E5%AD%97,3,0,0,5536787927,零度蒸汽iPhone 8 Plus（银色）,搜点语言学相关的东西，顶在前面的都是英语语法之类的，翻一会或者加点关键字才能看见现代汉语。心里有点不是滋味，哈哈。 ,2020/5/20 12:02:07,https://m.weibo.cn/status/J2MqmnJnb?mblogid=J2MqmnJnb&luicode=10000011&lfid=100103type%3D2%26q%3D%E5%85%B3%E9%94%AE%E5%AD%97,0,0,0,3902916195,微博 weibo.com,点抽10人，每人5.2元！今晚开@微博抽奖平台  全全的网站（需要什么搜关键字→微博正文⭐️上午好价爆款合集！快来看看微博正文【有抽奖！￥129】网易云.无线蓝牙耳机5.0 微博正文【抽免单！￥5.8】蕾丝双眼皮贴480贴微博正文【2件￥3 ...全文,2020/5/20 11:55:07,https://m.weibo.cn/status/J2Mnwm7OC?mblogid=J2Mnwm7OC&luicode=10000011&lfid=100103type%3D2%26q%3D%E5%85%B3%E9%94%AE%E5%AD%97,283,9,06868422441,微博 weibo.com,也不知道那个字是非法关键字, @国美 ,2020/5/20 12:24:38,https://m.weibo.cn/status/J2Mzky89o?mblogid=J2Mzky89o&luicode=10000011&lfid=100103type%3D2%26q%3D%E5%85%B3%E9%94%AE%E5%AD%97,0,0,0,7173006813,微博 weibo.com,关键字：准备作文素材 事例 人物 名人名言5月18日21时47分，云南昭通市巧家县发生5.0级地震，巧家县第二中学的学生们还在教室里学习，发现震动后，学生们迅速蹲下躲在课桌底，再用书本护住头，观察到没有房屋坍塌危险之后，迅速头顶书本从前至后有序小跑着出教室。从监控视频中可见当时教室里学生 ...全文,2020/5/20 12:21:38,https://m.weibo.cn/status/J2MybiOQ5?mblogid=J2MybiOQ5&luicode=10000011&lfid=100103type%3D2%26q%3D%E5%85%B3%E9%94%AE%E5%AD%97,0,0,0,2690765904,iPhone客户端,你们发水兵月可以带个关键字吗，我好方便屏蔽 ,2020/5/20 12:18:38,https://m.weibo.cn/status/J2Mx03ajU?mblogid=J2Mx03ajU&luicode=10000011&lfid=100103type%3D2%26q%3D%E5%85%B3%E9%94%AE%E5%AD%97,0,0,0,2036644964,毛毛Android,#今日截单# 请移步店铺内搜索关键字～GSC Promare 普罗米亚 Lio 利奥 福蒂亚 粘土人GSC Promare 加洛 蒂莫斯 粘土人 手办 再版角川 约会大作战 夜刀神十香 晴着ver. 1/7手办MIMEYOI 碧蓝航线 约克公爵 妖华Brands Jewel 手办GSC Fate/Apocrypha 莫德雷德 小莫 粘土人DollGSC 虚构推理 岩永 ...全文,2020/5/20 12:05:38,https://m.weibo.cn/status/J2MrRd5ih?mblogid=J2MrRd5ih&luicode=10000011&lfid=100103type%3D2%26q%3D%E5%85%B3%E9%94%AE%E5%AD%97,7,0,1
5866556759,iPhone客户端,你好像从来没有对我说过晚安我在我们的聊天记录里搜索了关键字:“晚安”你说过一次:我早晚安排人弄你。 长沙 ,2020/5/20 12:34:54,https://m.weibo.cn/status/J2MDpqPOa?mblogid=J2MDpqPOa&luicode=10000011&lfid=100103type%3D2%26q%3D%E5%85%B3%E9%94%AE%E5%AD%97,0,0,0
5272840034,微博 weibo.com,回复@赵航宇:这样的铁粉，致敬~我说说自己是如何找选手的视频资料的，1.找到选手的比赛记录(见截图)，2.然后看是哪一期的比如和菲尔德的是UFC 242，就用这个关键字到VS网(wwww.vswang.com)去搜，基本上每一个选手的80%+的视频在VS\PPTV都能找到，如果找不到的就去外网油管、mma-core.网找。 查看图片,2020/5/20 12:32:54,https://m.weibo.cn/status/J2MCHr2FP?mblogid=J2MCHr2FP&luicode=10000011&lfid=100103type%3D2%26q%3D%E5%85%B3%E9%94%AE%E5%AD%97,1,0,0
6868422441,微博 weibo.com,也不知道那个字是非法关键字， @国美 ,2020/5/20 12:24:54,https://m.weibo.cn/status/J2Mzky89o?mblogid=J2Mzky89o&luicode=10000011&lfid=100103type%3D2%26q%3D%E5%85%B3%E9%94%AE%E5%AD%97,0,0,0
7173006813,微博 weibo.com,关键字：准备作文素材 事例 人物 名人名言5月18日21时47分，云南昭通市巧家县发生5.0级地震，巧家县第二中学的学生们还在教室里学习，发现震动后，学生们迅速蹲下躲在课桌底，再用书本护住头，观察到没有房屋坍塌危险之后，迅速头顶书本从前至后有序小跑着出教室。从监控视频中可见当时教室里学生 ...全文,2020/5/20 12:21:54,https://m.weibo.cn/status/J2MybiOQ5?mblogid=J2MybiOQ5&luicode=10000011&lfid=100103type%3D2%26q%3D%E5%85%B3%E9%94%AE%E5%AD%97,0,0,0
2690765904,iPhone客户端,你们发水兵月可以带个关键字吗，我好方便屏蔽 ,2020/5/20 12:18:54,https://m.weibo.cn/status/J2Mx03ajU?mblogid=J2Mx03ajU&luicode=10000011&lfid=100103type%3D2%26q%3D%E5%85%B3%E9%94%AE%E5%AD%97,0,0,0
2036644964,毛毛Android,#今日截单# 请移步店铺内搜索关键字～GSC Promare 普罗米亚 Lio 利奥 福蒂亚 粘土人GSC Promare 加洛 蒂莫斯 粘土人 手办 再版角川 约会大作战 夜刀神十香 晴着ver. 1/7手办MIMEYOI 碧蓝航线 约克公爵 妖华Brands Jewel 手办GSC Fate/Apocrypha 莫德雷德 小莫 粘土人DollGSC 虚构推理 岩永 ...全文,2020/5/20 12:05:54,https://m.weibo.cn/status/J2MrRd5ih?mblogid=J2MrRd5ih&luicode=10000011&lfid=100103type%3D2%26q%3D%E5%85%B3%E9%94%AE%E5%AD%97,7,1,1
5536787927,零度蒸汽iPhone 8 Plus（银色）,搜点语言学相关的东西，顶在前面的都是英语语法之类的，翻一会或者加点关键字才能看见现代汉语。心里有点不是滋味，哈哈。 ,2020/5/20 12:01:54,https://m.weibo.cn/status/J2MqmnJnb?mblogid=J2MqmnJnb&luicode=10000011&lfid=100103type%3D2%26q%3D%E5%85%B3%E9%94%AE%E5%AD%97,0,0,0
3902916195,微博 weibo.com,点抽10人，每人5.2元！今晚开@微博抽奖平台  全全的网站（需要什么搜关键字→微博正文⭐️上午好价爆款合集！快来看看微博正文【有抽奖！￥129】网易云.无线蓝牙耳机5.0 微博正文【抽免单！￥5.8】蕾丝双眼皮贴480贴微博正文【2件￥3 ...全文,2020/5/20 11:55:54,https://m.weibo.cn/status/J2Mnwm7OC?mblogid=J2Mnwm7OC&luicode=10000011&lfid=100103type%3D2%26q%3D%E5%85%B3%E9%94%AE%E5%AD%97,592,12,0
2127288504,微博 weibo.com,#斐斯视觉12周年# #斐斯店庆新品创作# 香颂庄园系列之《香颂花园》风格：法式风情，复古文艺关键字：幸福感，仪式感，高级感12周年超级折扣+超值礼包，限量开抢评论【1】可获取店庆优惠详情 ,2020/5/20 11:54:54,https://m.weibo.cn/status/J2Mnnsol9?mblogid=J2Mnnsol9&luicode=10000011&lfid=100103type%3D2%26q%3D%E5%85%B3%E9%94%AE%E5%AD%97,0,1,07302429176,iPhone XS Max,#清华学霸放弃保研成为女特种兵#《特种兵之火凤凰》叶寸心剪辑清华计算机专业女学霸励志成为女特种兵！命运的风如何刮，英雄如何变神话 LoveLive南条绘里的微博视频 ,2020/5/21 20:50:27,https://m.weibo.cn/status/J2Zj4apKP?mblogid=J2Zj4apKP&luicode=10000011&lfid=100103type%3D2%26q%3D%E8%AE%A1%E7%AE%97%E6%9C%BA,3,1,0
1400854834,微博 HTML5 版,很有名的一句话：“计算机科学与计算机无关，就像天文学与望远镜无关。”网页链接 ,2020/5/21 20:49:27,https://m.weibo.cn/status/J2ZiFnygJ?mblogid=J2ZiFnygJ&luicode=10000011&lfid=100103type%3D2%26q%3D%E8%AE%A1%E7%AE%97%E6%9C%BA,12,2,1
2810857682,HUAWEI Mate 20 Pro,150的饭钱，AA制，还要用计算机捣一下，是不是有点焦虑了，还是怕犯错不自信，不够敞亮啊 ,2020/5/21 20:46:27,https://m.weibo.cn/status/J2ZhviI8B?mblogid=J2ZhviI8B&luicode=10000011&lfid=100103type%3D2%26q%3D%E8%AE%A1%E7%AE%97%E6%9C%BA,0,0,0
6228560248,HUAWEI nova 2s,计算机取消教资没了笔译没了专八没了开学没了科四考不上学校回不了行李收拾不上了吃蝙蝠的狗贼我杀了你 ,2020/5/21 20:46:27,https://m.weibo.cn/status/J2ZhopO3Q?mblogid=J2ZhopO3Q&luicode=10000011&lfid=100103type%3D2%26q%3D%E8%AE%A1%E7%AE%97%E6%9C%BA,1,3,0
5015611273,文广搬砖的Android,我小妹学计算机的，前段时间做了个美甲，接甲片的那种，她敲代码的时候仿佛啄木鸟，在我旁边duoduoduo duoduoduo的 ,2020/5/21 20:45:27,https://m.weibo.cn/status/J2ZhfjmXY?mblogid=J2ZhfjmXY&luicode=10000011&lfid=100103type%3D2%26q%3D%E8%AE%A1%E7%AE%97%E6%9C%BA,0,0,0
6124211942,iPhone客户端,【🥰今日营业🥰】专科，本科，研究生原创写作，期刊发表：教育，社会工作，应用心理学，汉语言文学，哲学，法律，财务管理，企业管理，公共关系，新闻传播，旅游管理，会计，审计，保险，国贸，Mba，MPA，Mpacc，论文开题，论文降重，市场营销，电子商务，论文表情包，英语专业，日语论文代，艺术 ...全文,2020/5/21 20:43:27,https://m.weibo.cn/status/J2ZgqcPZg?mblogid=J2ZgqcPZg&luicode=10000011&lfid=100103type%3D2%26q%3D%E8%AE%A1%E7%AE%97%E6%9C%BA,0,0,0
6864738521,蜜桃奶油酱超话,#清华学霸放弃保研成为女特种兵# 让我想到了《特种兵之火凤凰》虽然里面的主角是清华计算机系的 ,2020/5/21 20:43:27,https://m.weibo.cn/status/J2Zgo7CTa?mblogid=J2Zgo7CTa&luicode=10000011&lfid=100103type%3D2%26q%3D%E8%AE%A1%E7%AE%97%E6%9C%BA,3,0,0
5933393467,美国留学超话,美国留学超话美研留学频道超话#选校# ❓❓ ❓老师你好，我是主修mis，辅修cs。计算机背景不是很强，想问一下计算机有哪些对转专业比较友好的项目吗，谢谢--------------------分割线--------------------你主修MIS，辅修CS，应该CS相关的课程学了不少了，算是比纯转码的学生多了很多 ...全文,2020/5/21 20:36:27,https://m.weibo.cn/status/J2Zdp8fMl?mblogid=J2Zdp8fMl&luicode=10000011&lfid=100103type%3D2%26q%3D%E8%AE%A1%E7%AE%97%E6%9C%BA,0,0,0
1777939053,微博 weibo.com,历史收藏展馆展出了数学、天文学、物理学和化学等学科以及应用方面的陈列品，各陈列馆还以计算机技术、空间研究和新进的科学发展等方面的展品为重点，从1980年开始还收藏了惠尔康医学史博物馆的所有藏品,2020/5/21 20:36:27,https://m.weibo.cn/status/J2Zdkm1ya?mblogid=J2Zdkm1ya&luicode=10000011&lfid=100103type%3D2%26q%3D%E8%AE%A1%E7%AE%97%E6%9C%BA,0,0,0
5661563469,nova6 自拍大不一样,全警大练兵|黄龙县公安局网监大队科技练兵之内网计算机养护及使用        为深入推进全警科技练兵，着力锻造过硬的公安科技信息化队伍，根据实战需要按照《黄龙县公安局2020年全警实战大练兵实施方案》要求， 5月21日，网监大队在县局六楼会议室组织“内网计算机养护及使用”专题培训。        针对 ...全文,2020/5/21 20:34:27,https://m.weibo.cn/status/J2ZcM6iDJ?mblogid=J2ZcM6iDJ&luicode=10000011&lfid=100103type%3D2%26q%3D%E8%AE%A1%E7%AE%97%E6%9C%BA,0,0,0
7302429176,iPhone XS Max,#清华学霸放弃保研成为女特种兵#《特种兵之火凤凰》叶寸心剪辑清华计算机专业女学霸励志成为女特种兵！命运的风如何刮，英雄如何变神话 LoveLive南条绘里的微博视频 ,2020/5/21 20:50:27,https://m.weibo.cn/status/J2Zj4apKP?mblogid=J2Zj4apKP&luicode=10000011&lfid=100103type%3D2%26q%3D%E8%AE%A1%E7%AE%97%E6%9C%BA,3,1,0
1400854834,微博 HTML5 版,很有名的一句话：“计算机科学与计算机无关，就像天文学与望远镜无关。”网页链接 ,2020/5/21 20:49:27,https://m.weibo.cn/status/J2ZiFnygJ?mblogid=J2ZiFnygJ&luicode=10000011&lfid=100103type%3D2%26q%3D%E8%AE%A1%E7%AE%97%E6%9C%BA,12,2,1
2810857682,HUAWEI Mate 20 Pro,150的饭钱，AA制，还要用计算机捣一下，是不是有点焦虑了，还是怕犯错不自信，不够敞亮啊 ,2020/5/21 20:46:27,https://m.weibo.cn/status/J2ZhviI8B?mblogid=J2ZhviI8B&luicode=10000011&lfid=100103type%3D2%26q%3D%E8%AE%A1%E7%AE%97%E6%9C%BA,0,0,0
6228560248,HUAWEI nova 2s,计算机取消教资没了笔译没了专八没了开学没了科四考不上学校回不了行李收拾不上了吃蝙蝠的狗贼我杀了你 ,2020/5/21 20:46:27,https://m.weibo.cn/status/J2ZhopO3Q?mblogid=J2ZhopO3Q&luicode=10000011&lfid=100103type%3D2%26q%3D%E8%AE%A1%E7%AE%97%E6%9C%BA,1,3,0
5015611273,文广搬砖的Android,我小妹学计算机的，前段时间做了个美甲，接甲片的那种，她敲代码的时候仿佛啄木鸟，在我旁边duoduoduo duoduoduo的 ,2020/5/21 20:45:27,https://m.weibo.cn/status/J2ZhfjmXY?mblogid=J2ZhfjmXY&luicode=10000011&lfid=100103type%3D2%26q%3D%E8%AE%A1%E7%AE%97%E6%9C%BA,0,0,0
6124211942,iPhone客户端,【🥰今日营业🥰】专科，本科，研究生原创写作，期刊发表：教育，社会工作，应用心理学，汉语言文学，哲学，法律，财务管理，企业管理，公共关系，新闻传播，旅游管理，会计，审计，保险，国贸，Mba，MPA，Mpacc，论文开题，论文降重，市场营销，电子商务，论文表情包，英语专业，日语论文代，艺术 ...全文,2020/5/21 20:43:27,https://m.weibo.cn/status/J2ZgqcPZg?mblogid=J2ZgqcPZg&luicode=10000011&lfid=100103type%3D2%26q%3D%E8%AE%A1%E7%AE%97%E6%9C%BA,0,0,0
6864738521,蜜桃奶油酱超话,#清华学霸放弃保研成为女特种兵# 让我想到了《特种兵之火凤凰》虽然里面的主角是清华计算机系的 ,2020/5/21 20:43:27,https://m.weibo.cn/status/J2Zgo7CTa?mblogid=J2Zgo7CTa&luicode=10000011&lfid=100103type%3D2%26q%3D%E8%AE%A1%E7%AE%97%E6%9C%BA,3,0,0
5933393467,美国留学超话,美国留学超话美研留学频道超话#选校# ❓❓ ❓老师你好，我是主修mis，辅修cs。计算机背景不是很强，想问一下计算机有哪些对转专业比较友好的项目吗，谢谢--------------------分割线--------------------你主修MIS，辅修CS，应该CS相关的课程学了不少了，算是比纯转码的学生多了很多 ...全文,2020/5/21 20:36:27,https://m.weibo.cn/status/J2Zdp8fMl?mblogid=J2Zdp8fMl&luicode=10000011&lfid=100103type%3D2%26q%3D%E8%AE%A1%E7%AE%97%E6%9C%BA,0,0,0
1777939053,微博 weibo.com,历史收藏展馆展出了数学、天文学、物理学和化学等学科以及应用方面的陈列品，各陈列馆还以计算机技术、空间研究和新进的科学发展等方面的展品为重点，从1980年开始还收藏了惠尔康医学史博物馆的所有藏品,2020/5/21 20:36:27,https://m.weibo.cn/status/J2Zdkm1ya?mblogid=J2Zdkm1ya&luicode=10000011&lfid=100103type%3D2%26q%3D%E8%AE%A1%E7%AE%97%E6%9C%BA,0,0,0
5661563469,nova6 自拍大不一样,全警大练兵|黄龙县公安局网监大队科技练兵之内网计算机养护及使用        为深入推进全警科技练兵，着力锻造过硬的公安科技信息化队伍，根据实战需要按照《黄龙县公安局2020年全警实战大练兵实施方案》要求， 5月21日，网监大队在县局六楼会议室组织“内网计算机养护及使用”专题培训。        针对 ...全文,2020/5/21 20:34:27,https://m.weibo.cn/status/J2ZcM6iDJ?mblogid=J2ZcM6iDJ&luicode=10000011&lfid=100103type%3D2%26q%3D%E8%AE%A1%E7%AE%97%E6%9C%BA,0,0,0
3555271874,人间圣罗兰iPhone XS Max,从我第一专业计算机第二专业工商第三专业英语就知道我内心一点不想学理工科如今的物理和电工带给我的折磨就是代价 ,2020/5/21 20:32:28,https://m.weibo.cn/status/J2ZbZoafJ?mblogid=J2ZbZoafJ&luicode=10000011&lfid=100103type%3D2%26q%3D%E8%AE%A1%E7%AE%97%E6%9C%BA,1,1,0
1197745300,iPhone XR,“中国大学教育的极端表现是放弃了我们曾经引以为豪的天下为先、知行相长，反而自顾自利、闭门造车。我们的大学走向了一个极端，我们期待在大学象牙塔中的知识理论的教育达到人才知识体系和能力培养的目的，我们把培养得像计算机一样的产品叫做人才。但是事实上，这几乎就是不可能的，甚至完全是相反的 ...全文,2020/5/21 20:32:28,https://m.weibo.cn/status/J2ZbU5WAU?mblogid=J2ZbU5WAU&luicode=10000011&lfid=100103type%3D2%26q%3D%E8%AE%A1%E7%AE%97%E6%9C%BA,6,1,3
2484007137,微博 weibo.com,【从#新冠疫情#到#网络安全#】卡内基资深研究员阿里尔·莱维特（Ariel Levite）和访问学者吕晶华撰文指出，生物病毒与计算机恶意软件都有相当可观的传播、入侵、摧毁和破坏潜能，且都依赖人为手段进行防控。这一类比给我们带来了哪些启示？中美应如何合作解决公共卫生和数字经济领域的挑战和危机？两位 ...全文,2020/5/21 20:30:28,https://m.weibo.cn/status/J2Zb7BiSA?mblogid=J2Zb7BiSA&luicode=10000011&lfid=100103type%3D2%26q%3D%E8%AE%A1%E7%AE%97%E6%9C%BA,0,0,0
3801022234,微博 weibo.com,#北欧留学# #瑞典留学# #丹麦留学# 北欧留学超话 【10点原因告诉你，为什么选择DTU丹麦科技大学？】1.创新开放的学习环境2.基于研究的创新教育3.灵活的模块化课程结构4.教师/研究人员与学生的配给比例为1：45.英语授课6.每年超过350名新的博士生入学7.高质量的实验室，教学设施，图书馆和 ...全文,2020/5/21 20:28:28,https://m.weibo.cn/status/J2Zai7PaS?mblogid=J2Zai7PaS&luicode=10000011&lfid=100103type%3D2%26q%3D%E8%AE%A1%E7%AE%97%E6%9C%BA,0,0,0
5778645735,微博 weibo.com,【学生背景】 本科大连理工大学，电子电气工程，平均分81.5，已毕业，有两年测试和开发工作经验，想转申请英国的CS。 主页君推荐：曼彻斯特大学  MSc Advanced Computer Science and IT Management（注意：曼大计算机相关专业基本都要求本科50%左右的计算机类课程，同学工作经验取胜， ...全文,2020/5/21 20:26:28,https://m.weibo.cn/status/J2Z9vp9TW?mblogid=J2Z9vp9TW&luicode=10000011&lfid=100103type%3D2%26q%3D%E8%AE%A1%E7%AE%97%E6%9C%BA,0,0,0
2316439834,皮皮时光机," 美研【计算机科学专业】精准选校数据包，16-19Fall11500+申请实例，包含：1、MS项目申请实例2、PHD项目申请实例3、成功录取申请实例4、拒录申请实例5、以申请人院校背景排序的申请实例6、以申请院校排序的申请实例 独家数据 | 16-19Fall美研计算机科学专业11500+申请实例（含MS+PHD）" ,2020/5/21 20:25:28,https://m.weibo.cn/status/J2Z99wZ8h?mblogid=J2Z99wZ8h&luicode=10000011&lfid=100103type%3D2%26q%3D%E8%AE%A1%E7%AE%97%E6%9C%BA,0,0,0
2120585322,iPhone客户端,自无痛得女昕宝之后，当妈的我就很少更博了，每天都在努力打投，为姑娘的事业尽一份力[加油]记一下最近的流水账今天早上做核酸检测，医护人员的电脑坏了，修了很久没修好，我妈跟我说，你会不会弄，你去帮人家看看，我瞳孔放大，妈，你自己的闺女你不清楚吗，又不是什么天才，也不是学计算机的，咋就 ...全文,2020/5/21 20:25:28,https://m.weibo.cn/status/J2Z92oyI0?mblogid=J2Z92oyI0&luicode=10000011&lfid=100103type%3D2%26q%3D%E8%AE%A1%E7%AE%97%E6%9C%BA,1,1,0
2912526211,三星 Galaxy S7 Edge,软件服务后市展望。相比芯片半导体，软件服务年初的行情比较温和一点，预计本次调整也相对温和。预计软件服务指数6月份调整到3.30低点附近有一波反弹，高度在3.5高点附近，之后再调整3个月到5.8高点附近止跌，再开启主升浪，持续到明年初。本人计划按此时间周期加减仓，操作标的，一只软件股，和计 ...全文,2020/5/21 20:20:28,https://m.weibo.cn/status/J2Z6ShfAk?mblogid=J2Z6ShfAk&luicode=10000011&lfid=100103type%3D2%26q%3D%E8%AE%A1%E7%AE%97%E6%9C%BA,1,0,0
7008786190,微博Win8客户端,☆☆☆☆【V神：ZK Rollup和Optimistic Rollup均取得巨大进展】#以太坊#创始人V神刚刚发推表示，Rollups(包括ZK Rollup和Optimistic Rollup)已经存在并继续取得巨大进展。虽然分片（sharding）仍在快速发展，但我们并不依赖于分片来实现1000 的链上TPS。在eth2中，分片和Rollups的缩放增益将成倍增加 ...全文,2020/5/21 20:19:28,https://m.weibo.cn/status/J2Z6x3Eca?mblogid=J2Z6x3Eca&luicode=10000011&lfid=100103type%3D2%26q%3D%E8%AE%A1%E7%AE%97%E6%9C%BA,0,0,0
6125178221,iPhone客户端,碧根果专注五年做美，英，澳，加，新西兰以及日韩海外留学生论文课程考试类辅导，文书修改润色，以及Assignment，Essay，paper，project类写作指导。学术写作辅导类涉及专业有商科，金融，会计，财务，人事，教育，建筑，传媒，艺术，计算机，数学，应用材料，航空航天等超多领域。 ,2020/5/21 20:15:28,https://m.weibo.cn/status/J2Z56DhBt?mblogid=J2Z56DhBt&luicode=10000011&lfid=100103type%3D2%26q%3D%E8%AE%A1%E7%AE%97%E6%9C%BA,0,0,0
3439488490,iPhone客户端,#竟然有人说“造导弹的不如卖茶叶蛋的”？# 在5月18日，两份重磅文件同日发布，且都提出“试点赋予科研人员职务科技成果所有权或长期使用权”。两份文件分别是《中共中央 国务院关于新时代加快完善社会主义市场经济体制的意见》和《赋予科研人员职务科技成果所有权或长期使用权试点实施方案》。前 ...全文,2020/5/21 21:37:01,https://m.weibo.cn/status/J2ZC4icrs?mblogid=J2ZC4icrs&luicode=10000011&lfid=100103type%3D2%26q%3D%E8%AE%A1%E7%AE%97%E6%9C%BA,0,0,0
5585464482,小米CC9 美图定制版,答辩过了 要感谢的人太多了 我的恩公帮我调整前端又帮我解决图片加载问题 世界上还是有好人的 以后我也要靠自己的能力去帮助需要帮助的人！而不是像某些无良做毕业设计的人 收了钱就态度恶劣 我就是他孙子一样！计算机专业的姐妹们 答辩冲鸭！！ ,2020/5/21 21:37:01,https://m.weibo.cn/status/J2ZC2yqUv?mblogid=J2ZC2yqUv&luicode=10000011&lfid=100103type%3D2%26q%3D%E8%AE%A1%E7%AE%97%E6%9C%BA,0,0,0
5658956318,微博国际版,半年不怎么运动，实在是太虚了，上学期一口气跑个5圈一点儿事儿没有，今天去跑了跑，两圈不到，累的大口喘气。老了，老了。今天跑的时候一直在思考一个问题。我特喵学这么多到底有啥用....我大学学过电子商务，建筑工程，都是拿到毕业证学信网可查的那种，研究生又学的软件。学了这么多专业，可 ...全文,2020/5/21 21:35:01,https://m.weibo.cn/status/J2ZBmwi7g?mblogid=J2ZBmwi7g&luicode=10000011&lfid=100103type%3D2%26q%3D%E8%AE%A1%E7%AE%97%E6%9C%BA,0,0,0
2720053545,iPhone 11 Pro Max,杭州电子科技大学40个专业调剂。#提问学长# 拟接收调剂的专业涵盖了机械工程学院、电子信息学院、通信工程学院、自动化学院、计算机学院、材料与环境工程学院、理学院、经济学院、管理学院、管理学院MBA教育中心、会计学院、外国语学院、人文艺术与数字媒体学院、法学院、马克思主义学院、网络空间安全 ...全文,2020/5/21 21:34:01,https://m.weibo.cn/status/J2ZAJwd6r?mblogid=J2ZAJwd6r&luicode=10000011&lfid=100103type%3D2%26q%3D%E8%AE%A1%E7%AE%97%E6%9C%BA,0,0,0
2714806171,微博 weibo.com,#英国留学# #留学# #alevel# A-level物理可以申请哪些大学课程？A-level物理是“facilitating”科目之一，它能够为很多大学课程做准备。英国很多顶尖大学都要求申请者至少要从物理、数学、英语文学、化学、生物、地理、历史、语言科目中任选两门课程。A-level物理适合申请以下大学课程：生物学 ...全文,2020/5/21 21:32:01,https://m.weibo.cn/status/J2ZzSBbTQ?mblogid=J2ZzSBbTQ&luicode=10000011&lfid=100103type%3D2%26q%3D%E8%AE%A1%E7%AE%97%E6%9C%BA,0,0,0
3338597882,科学科普 · 视频社区,【为什么我们的大脑不能同时处理多项任务？】 随着生活的要求越来越高，人们也越来越忙碌，各路专家都在教我们如何更好地同时处理多项任务。然而，人类的大脑并不是一台计算机，人类的注意力是非常有限的资源，当注意力超载时，我们必然会错过一些事情，而且多任务处理轻则让我们效率低下，重则会让我 ...全文,2020/5/21 21:31:01,https://m.weibo.cn/status/J2ZzsmCH6?mblogid=J2ZzsmCH6&luicode=10000011&lfid=100103type%3D2%26q%3D%E8%AE%A1%E7%AE%97%E6%9C%BA,0,0,0
5116172520,添福宝806号医学院超话,添福宝806号医学院超话🍒#北电中戏伯克利，添福粉丝爱学习#              四群大学沐小欣组1. 英语单词打卡☑️2. 普通话测试打卡☑️3. FIF打卡☑️4. TEDx1打卡☑️5. 纪录片《中国喜事》x1☑️6. 刷计算机题、做毛概题打卡☑️7. 心理学网课打卡☑️8. 吃的超多打卡又没有运动打卡… ...全文,2020/5/21 21:30:01,https://m.weibo.cn/status/J2Zzr9FCy?mblogid=J2Zzr9FCy&luicode=10000011&lfid=100103type%3D2%26q%3D%E8%AE%A1%E7%AE%97%E6%9C%BA,1,0,0
1582068335,iPhone XR,俏开启了计算机模式。 ,2020/5/21 21:30:01,https://m.weibo.cn/status/J2Zzov7Dc?mblogid=J2Zzov7Dc&luicode=10000011&lfid=100103type%3D2%26q%3D%E8%AE%A1%E7%AE%97%E6%9C%BA,0,0,0
6588427931,微博国际版,为啥我当初没有去学计算机！我白痴到 调摄像头都调了快三个小时 一边锤电脑一边找教程 就好气这是第几次为这个破电脑生气了 ,2020/5/21 21:30:01,https://m.weibo.cn/status/J2Zzged36?mblogid=J2Zzged36&luicode=10000011&lfid=100103type%3D2%26q%3D%E8%AE%A1%E7%AE%97%E6%9C%BA,0,0,0
5484456554,iPhone客户端,语文文常 大作文小作文 英语作文到现在也没复习 希望最后两天可以临时抱佛脚 我感觉我在这方面一直挺有经验的 计算机是我花心思最多的了 希望他不要让我失望 争取80-85[加油] 最后两天 冲冲冲奥力给[加油][加油][加油] ,2020/5/21 23:03:49,https://m.weibo.cn/status/J30bjaDdG?mblogid=J30bjaDdG&luicode=10000011&lfid=100103type%3D2%26q%3D%E8%AE%A1%E7%AE%97%E6%9C%BA,0,0,0
5676225859,山东专升本超话,山东专升本超话山东专升本超话廿书冲刺打卡第七天总结语文:答客难英语:11年真题高数:无穷级数今天是被老师支配改论文的一天，视明天改好摆好图片就ok了，希望能过！！！明天一定一定要抓紧弄完，不能耽误学习，一定可以的，一定可以的！@廿书教育官方微博 @山东专升本计算机邵博士 ,2020/5/21 23:03:49,https://m.weibo.cn/status/J30ba2yZe?mblogid=J30ba2yZe&luicode=10000011&lfid=100103type%3D2%26q%3D%E8%AE%A1%E7%AE%97%E6%9C%BA,0,0,0
5700308413,iPhone客户端,真羡慕我老师又保研又直接读博的他问我们考研国家线是什么？一志愿是什么？专业课考的是什么？为什么管理分数那么高？管理跨专业考计算机行吗？录取线是多少？一连串的发问我感觉他在问我的考研辛酸史老师您这么可爱您也要考考试试吗 ,2020/5/21 23:02:49,https://m.weibo.cn/status/J30b45qYl?mblogid=J30b45qYl&luicode=10000011&lfid=100103type%3D2%26q%3D%E8%AE%A1%E7%AE%97%E6%9C%BA,0,0,0
7205359610,OPPO Reno,怎么说 仙某某太牛批啊啊啊我一定要发条微博吹爆仙某人啊啊啊我忙活了一天修我的coldblocks问了好多计算机大神都忙活好久搞不来仙某人就半小时给我完全弄好太佩服了太感谢了这小伙子太帅了吧！@清·沐·  ,2020/5/21 23:00:49,https://m.weibo.cn/status/J30a9nb8M?mblogid=J30a9nb8M&luicode=10000011&lfid=100103type%3D2%26q%3D%E8%AE%A1%E7%AE%97%E6%9C%BA,0,0,0
6336776552,山东专升本超话,山东专升本超话 廿书21天学习打卡第8天总结来咯~效率超高的一天😍美中不足英语非谓语未完成，简直看到英语有点头大，调整一下，明天一定要完成！！！看相册发现一张被自己笑傻的照片哈哈哈哈🤪@廿书教育官方微博 @山东专升本计算机邵博士 济宁·汶上县 ,2020/5/21 23:00:49,https://m.weibo.cn/status/J30a8cdBF?mblogid=J30a8cdBF&luicode=10000011&lfid=100103type%3D2%26q%3D%E8%AE%A1%E7%AE%97%E6%9C%BA,0,0,0
5045773739,微博国际版,夏天的风我永远记得清清楚楚说我不该学计算机 ,2020/5/21 22:59:49,https://m.weibo.cn/status/J309PyvpA?mblogid=J309PyvpA&luicode=10000011&lfid=100103type%3D2%26q%3D%E8%AE%A1%E7%AE%97%E6%9C%BA,0,0,0
6040078469,iPhone客户端,（由一个瓜引发的一些不太成熟的思考）xx巴士翻译的那个瓜让我想到之前跟同学聊AI代替翻译的问题，可以从很多角度分析，我个人觉得未来机翻大概是能代替50%～70%的非文学类翻译工作，文学类基本代替不了。同源的语言只要攻克了其中一种的语法语义，其他的类比起来很快就能达到差不多的水准，相对孤立的语言被取代的可能性稍微小一些。但这并不是说学语言没有意义，我觉得在能力范围内能够掌握越多语言越好。前几年是希望能亲自读懂亲自理解，经别人翻译一道手总觉得掺杂了非原义的内容，现在觉得多学会一种语言能了解到更为广阔的世界，吸收更多知识。（PS.我其实没做过涉及人工智能翻译的项目，不过学编译原理的时候就是学计算机把高级程序语言转换成机器语言的过程，从词法语法语义等方面逐步推演，感觉翻译语言也可以从同样的角度入手？大概顺着自己的想法搭个思路架子，大家随便看看，欢迎指正）,2020/5/21 22:58:49,https://m.weibo.cn/status/J309pf4jP?mblogid=J309pf4jP&luicode=10000011&lfid=100103type%3D2%26q%3D%E8%AE%A1%E7%AE%97%E6%9C%BA,0,0,0
5850363457,华为手机 畅享玩不停,天气开始热了我去书店转悠👣很舒服👏还有...以后我一定要找一个计算机（电脑💻）超棒的男朋友‼️ 菏泽 ,2020/5/21 22:57:49,https://m.weibo.cn/status/J308TlD3G?mblogid=J308TlD3G&luicode=10000011&lfid=100103type%3D2%26q%3D%E8%AE%A1%E7%AE%97%E6%9C%BA,0,1,0
2789987841,逢考必过的人,Excel公式大全，办公技能提升，计算机等级考试，都需要掌握。 ,2020/5/21 23:06:24,https://m.weibo.cn/status/J30cecKyG?mblogid=J30cecKyG&luicode=10000011&lfid=100103type%3D2%26q%3D%E8%AE%A1%E7%AE%97%E6%9C%BA,2,0,2
5484456554,iPhone客户端,语文文常 大作文小作文 英语作文到现在也没复习 希望最后两天可以临时抱佛脚 我感觉我在这方面一直挺有经验的 计算机是我花心思最多的了 希望他不要让我失望 争取80-85[加油] 最后两天 冲冲冲奥力给[加油][加油][加油] ,2020/5/21 23:03:24,https://m.weibo.cn/status/J30bjaDdG?mblogid=J30bjaDdG&luicode=10000011&lfid=100103type%3D2%26q%3D%E8%AE%A1%E7%AE%97%E6%9C%BA,0,0,0
5676225859,山东专升本超话,山东专升本超话山东专升本超话廿书冲刺打卡第七天总结语文:答客难英语:11年真题高数:无穷级数今天是被老师支配改论文的一天，视明天改好摆好图片就ok了，希望能过！！！明天一定一定要抓紧弄完，不能耽误学习，一定可以的，一定可以的！@廿书教育官方微博 @山东专升本计算机邵博士 ,2020/5/21 23:03:24,https://m.weibo.cn/status/J30ba2yZe?mblogid=J30ba2yZe&luicode=10000011&lfid=100103type%3D2%26q%3D%E8%AE%A1%E7%AE%97%E6%9C%BA,0,0,0
5700308413,iPhone客户端,真羡慕我老师又保研又直接读博的他问我们考研国家线是什么？一志愿是什么？专业课考的是什么？为什么管理分数那么高？管理跨专业考计算机行吗？录取线是多少？一连串的发问我感觉他在问我的考研辛酸史老师您这么可爱您也要考考试试吗 ,2020/5/21 23:03:24,https://m.weibo.cn/status/J30b45qYl?mblogid=J30b45qYl&luicode=10000011&lfid=100103type%3D2%26q%3D%E8%AE%A1%E7%AE%97%E6%9C%BA,0,0,0
7205359610,OPPO Reno,怎么说 仙某某太牛批啊啊啊我一定要发条微博吹爆仙某人啊啊啊我忙活了一天修我的coldblocks问了好多计算机大神都忙活好久搞不来仙某人就半小时给我完全弄好太佩服了太感谢了这小伙子太帅了吧！@清·沐·  ,2020/5/21 23:01:24,https://m.weibo.cn/status/J30a9nb8M?mblogid=J30a9nb8M&luicode=10000011&lfid=100103type%3D2%26q%3D%E8%AE%A1%E7%AE%97%E6%9C%BA,0,0,0
6336776552,山东专升本超话,山东专升本超话 廿书21天学习打卡第8天总结来咯~效率超高的一天😍美中不足英语非谓语未完成，简直看到英语有点头大，调整一下，明天一定要完成！！！看相册发现一张被自己笑傻的照片哈哈哈哈🤪@廿书教育官方微博 @山东专升本计算机邵博士 济宁·汶上县 ,2020/5/21 23:00:24,https://m.weibo.cn/status/J30a8cdBF?mblogid=J30a8cdBF&luicode=10000011&lfid=100103type%3D2%26q%3D%E8%AE%A1%E7%AE%97%E6%9C%BA,0,0,0
5045773739,微博国际版,夏天的风我永远记得清清楚楚说我不该学计算机 ,2020/5/21 23:00:24,https://m.weibo.cn/status/J309PyvpA?mblogid=J309PyvpA&luicode=10000011&lfid=100103type%3D2%26q%3D%E8%AE%A1%E7%AE%97%E6%9C%BA,0,0,0
5850363457,华为手机 畅享玩不停,天气开始热了我去书店转悠👣很舒服👏还有...以后我一定要找一个计算机（电脑💻）超棒的男朋友‼️ 菏泽 ,2020/5/21 22:57:24,https://m.weibo.cn/status/J308TlD3G?mblogid=J308TlD3G&luicode=10000011&lfid=100103type%3D2%26q%3D%E8%AE%A1%E7%AE%97%E6%9C%BA,0,1,0
1786119277,iPhone客户端,我的521礼物🎁一台得力牌计算机🧮我老公说：希望你在家好好赚钱～哈哈哈多多的钱还是要朴素计算机来计算～ 深得我心 哈哈哈 河津市 ,2020/5/21 22:57:24,https://m.weibo.cn/status/J308B3SI3?mblogid=J308B3SI3&luicode=10000011&lfid=100103type%3D2%26q%3D%E8%AE%A1%E7%AE%97%E6%9C%BA,1,0,0
2789987841,逢考必过的人,Excel公式大全，办公技能提升，计算机等级考试，都需要掌握。 ,2020/5/21 23:05:57,https://m.weibo.cn/status/J30cecKyG?mblogid=J30cecKyG&luicode=10000011&lfid=100103type%3D2%26q%3D%E8%AE%A1%E7%AE%97%E6%9C%BA,2,0,2
5484456554,iPhone客户端,语文文常 大作文小作文 英语作文到现在也没复习 希望最后两天可以临时抱佛脚 我感觉我在这方面一直挺有经验的 计算机是我花心思最多的了 希望他不要让我失望 争取80-85[加油] 最后两天 冲冲冲奥力给[加油][加油][加油] ,2020/5/21 23:03:57,https://m.weibo.cn/status/J30bjaDdG?mblogid=J30bjaDdG&luicode=10000011&lfid=100103type%3D2%26q%3D%E8%AE%A1%E7%AE%97%E6%9C%BA,0,0,0
5676225859,山东专升本超话,山东专升本超话山东专升本超话廿书冲刺打卡第七天总结语文:答客难英语:11年真题高数:无穷级数今天是被老师支配改论文的一天，视明天改好摆好图片就ok了，希望能过！！！明天一定一定要抓紧弄完，不能耽误学习，一定可以的，一定可以的！@廿书教育官方微博 @山东专升本计算机邵博士 ,2020/5/21 23:02:57,https://m.weibo.cn/status/J30ba2yZe?mblogid=J30ba2yZe&luicode=10000011&lfid=100103type%3D2%26q%3D%E8%AE%A1%E7%AE%97%E6%9C%BA,0,0,0
5700308413,iPhone客户端,真羡慕我老师又保研又直接读博的他问我们考研国家线是什么？一志愿是什么？专业课考的是什么？为什么管理分数那么高？管理跨专业考计算机行吗？录取线是多少？一连串的发问我感觉他在问我的考研辛酸史老师您这么可爱您也要考考试试吗 ,2020/5/21 23:02:57,https://m.weibo.cn/status/J30b45qYl?mblogid=J30b45qYl&luicode=10000011&lfid=100103type%3D2%26q%3D%E8%AE%A1%E7%AE%97%E6%9C%BA,0,0,0
7205359610,OPPO Reno,怎么说 仙某某太牛批啊啊啊我一定要发条微博吹爆仙某人啊啊啊我忙活了一天修我的coldblocks问了好多计算机大神都忙活好久搞不来仙某人就半小时给我完全弄好太佩服了太感谢了这小伙子太帅了吧！@清·沐·  ,2020/5/21 23:00:57,https://m.weibo.cn/status/J30a9nb8M?mblogid=J30a9nb8M&luicode=10000011&lfid=100103type%3D2%26q%3D%E8%AE%A1%E7%AE%97%E6%9C%BA,0,0,0
6336776552,山东专升本超话,山东专升本超话 廿书21天学习打卡第8天总结来咯~效率超高的一天😍美中不足英语非谓语未完成，简直看到英语有点头大，调整一下，明天一定要完成！！！看相册发现一张被自己笑傻的照片哈哈哈哈🤪@廿书教育官方微博 @山东专升本计算机邵博士 济宁·汶上县 ,2020/5/21 23:00:57,https://m.weibo.cn/status/J30a8cdBF?mblogid=J30a8cdBF&luicode=10000011&lfid=100103type%3D2%26q%3D%E8%AE%A1%E7%AE%97%E6%9C%BA,0,0,0
5045773739,微博国际版,夏天的风我永远记得清清楚楚说我不该学计算机 ,2020/5/21 22:59:57,https://m.weibo.cn/status/J309PyvpA?mblogid=J309PyvpA&luicode=10000011&lfid=100103type%3D2%26q%3D%E8%AE%A1%E7%AE%97%E6%9C%BA,0,0,0
5850363457,华为手机 畅享玩不停,天气开始热了我去书店转悠👣很舒服👏还有...以后我一定要找一个计算机（电脑💻）超棒的男朋友‼️ 菏泽 ,2020/5/21 22:57:57,https://m.weibo.cn/status/J308TlD3G?mblogid=J308TlD3G&luicode=10000011&lfid=100103type%3D2%26q%3D%E8%AE%A1%E7%AE%97%E6%9C%BA,0,1,0
1786119277,iPhone客户端,我的521礼物🎁一台得力牌计算机🧮我老公说：希望你在家好好赚钱～哈哈哈多多的钱还是要朴素计算机来计算～ 深得我心 哈哈哈 河津市 ,2020/5/21 22:56:57,https://m.weibo.cn/status/J308B3SI3?mblogid=J308B3SI3&luicode=10000011&lfid=100103type%3D2%26q%3D%E8%AE%A1%E7%AE%97%E6%9C%BA,1,0,0
7008786190,微博Win8客户端,☆☆☆☆【BTC突破9100美元关口 日内跌幅为3.51%】火币全球站数据显示，BTC短线上涨，突破9100美元关口，现报9100.09美元，日内跌幅达到3.51%，行情波动较大，请做好风险控制。
